Company Name,Business Name,Street Address,City,Subregion,Province,Postal Code,Country,Line of Business
1156828 ONTARIO INC,COFFEE TIME,2282 ISLINGTON AVE,Toronto,ETOBICOKE,Ontario,M9W 3W8,Canada,EATING PLACES
1339938 ONTARIO LTD,COFFEE TIME,1188 KING ST W,Toronto,TORONTO,Ontario,M6K 1E6,Canada,EATING PLACES
1802366 ONTARIO INC,COFFEE TIME,1287 BLOOR ST W,Toronto,TORONTO,Ontario,M6H 1N7,Canada,EATING PLACES
2044032 ONTARIO LTD,COFFEE TIME,371 OLD KINGSTON RD,Toronto,TORONTO,Ontario,M1C 1B7,Canada,EATING PLACES
6609902 CANADA INC,COFFEE TIME,1220 WOODBINE AVE,Toronto,TORONTO,Ontario,M4C 4E3,Canada,EATING PLACES
CHAIRMAN'S BRAND CORPORATION,COFFEE TIME,77 PROGRESS AVE,Toronto,SCARBOROUGH,Ontario,M1P 2Y7,Canada,PATENT OWNERS AND LESSORS
COFFEE TIME DONUTS INC,COFFEE TIME,4916 DUNDAS ST W,Toronto,ETOBICOKE,Ontario,M9A 1B7,Canada,RETAIL BAKERIES
COFFEE TIME DONUTS INCORPORATED,COFFEE TIME,1471 EGLINTON AVE W,Toronto,TORONTO,Ontario,M6E 2G6,Canada,EATING PLACES
COFFEE TIME DONUTS INCORPORATED,COFFEE TIME,2819 KINGSTON RD,Toronto,SCARBOROUGH,Ontario,M1M 1N2,Canada,EATING PLACES
CANADIAN INTERNATIONAL TRADING DEVELOPMENT INC,COFFEE TIME CAFE,1504 MARKHAM RD,Toronto,SCARBOROUGH,Ontario,M1B 2V9,Canada,EATING PLACES
DADIREK INC,COFFEE TIME DONUT,1327 MARTIN GROVE RD,Toronto,ETOBICOKE,Ontario,M9W 4X5,Canada,EATING PLACES
1157543 ONTARIO LTD,COFFEE TIME DONUTS,1647 QUEEN ST W,Toronto,TORONTO,Ontario,M6R 1A9,Canada,EATING PLACES
1226507 ONTARIO INC,COFFEE TIME DONUTS,2131 LAWRENCE AVE E SUITE R9,Toronto,SCARBOROUGH,Ontario,M1R 5G4,Canada,RETAIL BAKERIES
1553239 ONTARIO INCORPARATED,COFFEE TIME DONUTS,1321 GERRARD ST E,Toronto,TORONTO,Ontario,M4L 1Y8,Canada,EATING PLACES
1692208 ONTARIO INC,COFFEE TIME DONUTS,2288 DUNDAS ST W,Toronto,TORONTO,Ontario,M6R 1X3,Canada,EATING PLACES
ADVANTIC INDUSTRIAL TRADE INC,COFFEE TIME DONUTS,1901 ELLESMERE RD SUITE 1,Toronto,SCARBOROUGH,Ontario,M1H 2W5,Canada,RETAIL BAKERIES
COFFEE TIME DONUTS INC,COFFEE TIME DONUTS,2195 MIDLAND AVE,Toronto,SCARBOROUGH,Ontario,M1P 3E7,Canada,EATING PLACES
COFFEE TIME DONUTS INC,COFFEE TIME DONUTS,2310 SHEPPARD AVE W,Toronto,TORONTO,Ontario,M9M 1M2,Canada,EATING PLACES
COFFEE TIME DONUTS INC,COFFEE TIME DONUTS,731 BROADVIEW AVE,Toronto,TORONTO,Ontario,M4K 2P6,Canada,EATING PLACES
COFFEE TIME DONUTS INC,COFFEE TIME DONUTS,3701 CHESSWOOD DR SUITE 100,Toronto,NORTH YORK,Ontario,M3J 2P6,Canada,EATING PLACES
COFFEE TIME DONUTS INC,COFFEE TIME DONUTS,1961 KENNEDY RD,Toronto,SCARBOROUGH,Ontario,M1P 5A2,Canada,EATING PLACES
COFFEE TIME DONUTS INC,COFFEE TIME DONUTS,3379 YONGE ST,Toronto,NORTH YORK,Ontario,M4N 2M8,Canada,RETAIL BAKERIES
COFFEE TIME DONUTS INC,COFFEE TIME DONUTS,2146 DANFORTH AVE,Toronto,TORONTO,Ontario,M4C 1J9,Canada,EATING PLACES
COFFEE TIME DONUTS INC,COFFEE TIME DONUTS,1577 DANFORTH AVE SUITE 1,Toronto,TORONTO,Ontario,M4C 1H7,Canada,EATING PLACES
COFFEE TIME DONUTS INC,COFFEE TIME DONUTS,5926 YONGE ST SUITE A,Toronto,NORTH YORK,Ontario,M2M 3V9,Canada,EATING PLACES
COFFEE TIME DONUTS INC,COFFEE TIME DONUTS,601 SHERBOURNE ST,Toronto,TORONTO,Ontario,M4X 1K7,Canada,EATING PLACES
COFFEE TIME DONUTS INCORPORATED,COFFEE TIME DONUTS,1147 LAWRENCE AVE W,Toronto,NORTH YORK,Ontario,M6A 1E1,Canada,EATING PLACES
JAMSHIDI INVESTMENTS INC,COFFEE TIME DONUTS,33 UNIVERSITY AVE,Toronto,TORONTO,Ontario,M5J 2S7,Canada,EATING PLACES
